windex10,help_rate_pct,n
1,70.55155641096714,405
2,73.91722250962567,375
3,72.72368511979901,355
4,75.44361417920042,384
5,75.36849719824104,358
6,74.98877269895647,379
7,66.70466952993208,365
8,69.82289351927457,384
9,70.42314168614658,509
10,72.1780098867257,446
